{"cameraMode":{"drawMode":0,"name":"Shaded","section":"Shading Mode"},"sceneLighting":true,"audioPlay":false,"sceneViewState":{"showFog":true,"showMaterialUpdate":false,"showSkybox":true,"showFlares":true,"showImageEffects":true,"showParticleSystems":true},"in2DMode":false,"pivot":{"x":0.7386706471443176,"y":-0.056701235473155978,"z":0.04201904684305191},"rotation":{"x":0.18459166586399079,"y":0.6994996070861816,"z":-0.19496208429336549,"w":0.6622809171676636},"size":10.920249938964844,"orthographic":false}